test_id,citizen_id,test_date,test_place,test_result
0,17,2020-10-01 21:31:31.564328,Cundiyo,False
1,122,2020-07-15 00:09:50.489025,Swan Quarter,False
2,77,2021-08-27 14:28:15.154939,Silo,False
3,121,2021-09-27 14:45:46.261758,Yeagertown,False
4,101,2021-04-13 14:28:02.160528,Gutierrez,False
5,110,2020-06-03 02:36:52.127830,Smiths Grove,False
6,50,2020-10-22 13:49:33.737080,Grampian,False
7,12,2020-04-27 19:59:34.526716,Skyland,False
8,116,2020-12-18 07:25:17.033749,Wendell,False
9,120,2021-01-23 12:36:23.816742,Kennedy,False
10,56,2020-06-06 06:05:29.470950,Mecca,False
11,63,2021-08-05 01:49:07.122014,Pinehurst,True
12,63,2021-08-19 01:49:07.122014,Parker,False
12,3,2021-03-08 10:53:22.770544,Excelsior Estates,False
13,26,2021-02-03 00:41:10.012442,Green Valley,True
14,26,2021-02-17 00:41:10.012442,Newport,False
14,58,2020-12-18 09:03:29.494143,Hoodsport,False
15,43,2020-08-03 15:04:41.531118,Fort Plain,False
16,54,2021-01-16 09:29:33.810630,Piperton,False
17,55,2020-12-02 15:59:11.458049,Rennert,False
18,53,2021-01-07 17:08:51.231862,Lake Wilderness,False
19,22,2020-05-22 01:08:53.903096,Goldthwaite,False
20,65,2020-06-12 03:54:03.877253,Lavaca,False
21,5,2021-01-08 14:09:54.500845,Quebrada del Agua,False
22,77,2020-10-25 00:51:42.408075,Wills Point,False
23,105,2020-11-02 16:43:40.339139,Harrold,True
24,105,2020-11-16 16:43:40.339139,West,False
24,35,2021-11-18 20:30:41.194700,Silver Lake,False
25,30,2021-05-16 16:48:07.282945,Coal Hill,False
26,43,2021-05-25 21:30:56.071794,Kingston,False
27,28,2020-04-07 21:52:27.160387,Corriganville,False
28,104,2021-09-09 22:31:12.383963,Little America,False
29,68,2020-05-09 10:17:27.560295,Sheboygan Falls,False
30,119,2021-02-08 08:47:12.534759,Lake City,False
31,76,2020-05-22 06:39:52.742838,East Rochester,False
32,63,2021-03-21 06:58:55.657737,Calais,False
33,38,2020-11-27 02:08:22.878164,Addison,False
34,99,2020-06-24 01:16:50.935027,Priceville,False
35,66,2020-03-18 18:48:20.022375,Easton,False
36,116,2020-12-12 23:21:05.338024,Glen Ferris,False
37,93,2020-05-17 22:53:31.953870,La Madera,False
38,4,2021-05-15 03:11:56.835237,Hollis,True
39,4,2021-05-29 03:11:56.835237,New Holland,False
39,114,2020-10-29 11:17:55.455557,Walterboro,False
40,32,2021-11-10 10:47:04.468039,Sebastopol,True
41,32,2021-11-24 10:47:04.468039,East Gaffney,False
41,80,2020-07-08 10:34:29.280894,Nortonville,True
42,80,2020-07-22 10:34:29.280894,Barada,False
42,104,2020-12-09 09:49:15.602398,Madison,False
43,6,2020-08-13 20:01:41.753023,Donaldsonville,False
44,12,2020-12-29 19:01:39.964568,Alondra Park,True
45,12,2021-01-12 19:01:39.964568,North Bend,False
45,50,2020-05-04 11:44:54.425661,Davenport,False
46,9,2021-07-06 23:01:56.431543,Foraker,True
47,9,2021-07-20 23:01:56.431543,Canton,False
47,78,2021-06-05 17:51:31.195133,Cameron,False
48,46,2020-11-29 09:46:14.313600,Earle,False
49,19,2021-06-13 05:21:52.022092,Fremont,False
50,101,2020-11-13 03:07:33.295321,Morning Sun,False
51,104,2021-08-07 06:18:50.619050,Galena Park,False
52,68,2021-09-23 06:42:49.690515,Mannford,False
53,65,2020-05-28 07:08:10.864648,Sylvia,False
54,118,2020-11-07 11:04:17.823569,Mellott,False
55,79,2021-06-26 17:35:20.408154,Lake City,False
56,52,2020-04-02 08:08:59.180378,Kahlotus,False
57,73,2021-02-19 02:10:18.544885,Vinton,False
58,81,2021-04-04 07:36:54.660137,Clay,False
59,27,2021-02-11 20:04:20.271636,Annona,False
60,4,2021-08-02 17:36:52.250029,Fort Lewis,False
61,78,2020-03-01 03:31:07.176633,Gloucester City,False
62,51,2021-05-31 11:40:02.350021,Maize,False
63,118,2020-11-09 22:04:40.981123,Corsica,False
64,54,2021-01-17 11:40:25.822816,Highland Acres,True
65,54,2021-01-31 11:40:25.822816,Garden Farms,False
65,1,2020-07-28 08:10:05.090655,Canby,False
66,23,2020-07-30 17:18:26.723234,Durand,False
67,117,2021-03-28 17:20:32.909376,Hosston,False
68,119,2020-10-06 19:18:24.644171,Lukachukai,False
69,34,2020-12-24 15:48:37.829091,Ness City,False
70,59,2021-10-27 03:35:20.115388,Randall,False
71,47,2021-04-01 21:06:54.070146,Ravensdale,False
72,59,2021-07-03 20:42:28.168591,Welcome,False
73,60,2021-10-24 04:39:52.283044,Cypress Gardens,False
74,100,2020-10-28 13:10:11.801377,Ute Park,True
75,100,2020-11-11 13:10:11.801377,Fairton,False
75,51,2021-05-24 04:25:19.823401,Rossie,True
76,51,2021-06-07 04:25:19.823401,Forest City,False
76,29,2021-10-25 23:17:40.217388,Titusville,False
77,35,2021-09-06 02:59:43.490355,Wampum,False
78,75,2021-01-09 13:24:35.976484,West Melbourne,False
79,79,2020-05-31 18:37:32.180338,Villa Verde,False
80,102,2021-04-26 10:16:41.881016,Fairmead,False
81,103,2021-07-15 06:13:16.365075,Hydro,False
82,92,2021-10-27 18:42:36.556366,Bethlehem,False
83,95,2021-06-24 08:23:07.470063,Centreville,False
84,69,2020-04-02 13:13:08.550182,Delaware,True
85,69,2020-04-16 13:13:08.550182,Garden City,False
85,92,2021-03-21 04:22:11.873152,Streetman,False
86,26,2021-06-15 08:17:31.347039,Belvedere,False
87,121,2020-03-09 10:35:40.809319,Warm River,False
88,77,2021-06-09 08:38:14.123505,Key Center,True
89,77,2021-06-23 08:38:14.123505,Seventh Mountain,False
89,98,2021-01-02 12:26:47.742925,Indian River,False
90,76,2020-11-08 09:14:21.892901,Warrensburg,False
91,10,2020-08-26 18:19:24.512411,Kinnelon,False
92,32,2020-04-29 16:51:14.501608,Dugger,False
93,123,2020-11-09 03:16:12.362384,Carlsbad,False
94,95,2020-06-15 01:05:44.107172,Aspinwall,False
95,19,2021-09-27 07:40:54.691801,Medulla,False
96,48,2021-09-29 08:02:15.620976,Alum Creek,True
97,48,2021-10-13 08:02:15.620976,Wellington,False
97,12,2020-11-26 09:57:49.120493,Chesterfield,True
98,12,2020-12-10 09:57:49.120493,Pinckard,False
98,108,2021-09-01 07:12:35.155760,Lovingston,False
99,18,2021-01-16 07:43:12.977689,Park Hills,True
100,18,2021-01-30 07:43:12.977689,Glen Lyn,False
100,56,2020-12-05 17:40:25.544035,Strattanville,False
101,22,2021-04-06 07:14:25.825876,Chevy Chase Section Five,False
102,119,2021-02-13 20:04:09.140403,Milton,True
103,119,2021-02-27 20:04:09.140403,Mountain Road,False
103,9,2020-08-16 22:52:01.277634,South Portland,True
104,9,2020-08-30 22:52:01.277634,Spring Lake,False
104,110,2020-04-04 13:04:42.610566,Troy,False
105,32,2021-06-19 00:27:02.162175,Rio Dell,False
106,106,2020-03-10 00:58:47.530142,Chewelah,False
107,42,2021-05-31 13:23:40.793001,Quinton,False
108,85,2020-06-22 10:51:36.266261,Monmouth Beach,False
109,1,2021-08-28 12:21:46.658900,Vineyard Haven,False
110,37,2020-05-10 12:41:58.926447,Edgard,False
111,71,2021-06-28 12:07:16.299127,Blacklake,False
112,2,2021-11-24 11:23:28.856544,Nelson,False
113,87,2020-05-03 00:59:35.275996,West Hollywood,False
114,6,2021-04-16 16:02:25.380641,Grayhawk,False
115,5,2020-03-18 10:46:26.230997,Santa Teresa,False
116,33,2020-12-20 09:59:54.648458,Minatare,False
117,1,2020-09-05 16:59:13.311737,Colver,False
118,66,2021-04-20 04:05:31.161881,Milton,True
119,66,2021-05-04 04:05:31.161881,Momence,False
119,4,2021-08-07 22:20:06.367939,Soulsbyville,False
120,80,2021-09-08 13:02:16.931358,Berwyn,False
121,36,2020-04-10 16:06:05.885777,Cashtown,False
122,56,2021-09-22 00:06:52.354721,Danville,False
123,20,2021-03-24 12:58:50.377000,Loyall,False
124,10,2020-12-25 23:35:47.683260,Caulksville,False
125,65,2021-02-14 18:15:31.129811,West Conshohocken,False
126,109,2020-06-30 00:24:40.861914,West Wildwood,False
127,8,2021-10-26 16:07:36.080279,Shrewsbury,False
128,48,2020-08-02 01:29:53.999187,Gerrard,False
129,41,2021-11-01 04:11:57.294928,Monango,False
130,51,2021-02-14 14:27:55.833682,Palestine,False
131,26,2021-10-10 06:32:01.592928,Zavalla,False
132,109,2020-08-14 22:35:25.632334,Gretna,False
133,55,2021-03-01 03:44:12.770749,Schnecksville,True
134,55,2021-03-15 03:44:12.770749,Newell,False
134,14,2020-04-15 15:48:53.025035,Woodsboro,False
135,62,2020-08-01 07:50:17.806514,Grawn,False
136,30,2021-02-25 17:01:08.374310,Lantana,False
137,49,2021-10-14 09:06:40.836154,Ryegate,False
138,32,2021-04-26 03:47:00.805614,Mountainair,False
139,35,2020-09-02 20:54:44.205503,Gargatha,False
140,79,2021-02-23 08:34:23.102567,Brunswick,False
141,22,2021-02-07 01:10:57.920313,Howard,False
142,57,2021-03-24 13:31:07.051885,Grand Lake Towne,False
143,121,2021-04-14 16:03:43.093565,Cave Creek,False
144,36,2021-02-15 12:04:25.791591,Mankato,False
145,115,2021-05-19 08:14:44.793519,Monson,True
146,115,2021-06-02 08:14:44.793519,Sheridan,False
146,51,2020-12-08 15:13:42.586290,Clark Mills,True
147,51,2020-12-22 15:13:42.586290,Madison,False
147,78,2021-01-16 17:09:33.423849,Vadnais Heights,True
148,78,2021-01-30 17:09:33.423849,Midway South,False
148,35,2020-04-17 19:43:29.427195,Lynnville,False
149,3,2020-04-19 17:56:16.722979,Parker,False
150,24,2020-03-17 09:09:52.330544,Chicago Heights,False
151,73,2020-08-05 09:05:58.620068,Glidden,True
152,73,2020-08-19 09:05:58.620068,Manitowoc,False
152,37,2021-09-20 16:18:07.927959,Lower Elochoman,False
153,23,2021-04-09 08:49:41.958076,Sparland,False
154,85,2020-04-03 07:33:25.021109,Leando,False
155,114,2021-05-22 21:23:35.272513,Shannon,False
156,82,2021-09-10 07:26:03.169102,Haring,False
157,16,2020-09-02 00:53:59.490530,Plainview,False
158,58,2021-07-15 14:29:48.898588,Middleburg,False
159,34,2020-12-23 14:50:49.242073,Osceola,False
160,125,2020-05-26 21:28:03.318897,Trego,False
161,75,2020-04-22 22:02:31.663316,Twain Harte,False
162,82,2021-02-13 16:15:54.316009,Helix,False
163,96,2021-02-02 12:04:29.996683,St. Leo,True
164,96,2021-02-16 12:04:29.996683,Dyer,False
164,70,2020-11-12 17:53:45.431286,Modale,False
165,64,2020-04-17 23:34:21.851399,Corning,False
166,117,2021-08-16 14:30:25.458936,White Heath,False
167,25,2021-03-25 03:40:28.342615,Palco,False
168,48,2020-07-17 10:06:28.134561,Pearl Beach,False
169,104,2020-04-30 12:07:30.923001,Malden,False
170,93,2021-01-03 20:47:03.495744,Murraysville,False
171,115,2020-08-30 09:48:22.188813,Eagle Village,False
172,116,2021-06-24 13:03:29.988200,St. Augustine South,False
173,82,2020-12-17 19:26:39.297803,Circle Pines,False
174,54,2020-04-25 17:16:42.527535,Stella,False
175,54,2020-12-14 08:23:45.329082,Norwood,False
176,6,2020-08-20 22:53:46.927935,Denver,False
177,53,2021-10-18 23:02:38.285013,Gerty,False
178,93,2020-12-12 13:03:30.131121,Emerald Mountain,False
179,106,2021-06-19 16:45:35.441455,Cullen,False
180,44,2021-01-24 05:37:45.950492,Rio en Medio,False
181,16,2021-05-12 08:19:04.914800,Wellston,False
182,95,2021-05-07 01:38:22.248191,Rogers,False
183,1,2021-02-01 04:18:08.417226,Duncan,False
184,6,2020-11-24 08:22:29.931399,Glenwood,False
185,113,2020-12-31 16:13:56.722966,Freistatt,True
186,113,2021-01-14 16:13:56.722966,Friendly,False
186,125,2021-05-05 20:25:44.455346,Ranchitos Las Lomas,False
187,52,2020-03-03 17:47:10.292310,Willards,False
188,29,2021-02-03 12:34:26.337341,Holts Summit,True
189,29,2021-02-17 12:34:26.337341,Danbury,False
189,31,2020-12-01 22:29:19.549838,Judith Gap,False
190,119,2021-10-20 12:16:41.723075,Palo,True
191,119,2021-11-03 12:16:41.723075,Lebanon,False
191,75,2020-09-03 15:18:15.356232,Bairdford,False
192,19,2021-10-24 13:05:08.886508,Girard,False
193,103,2020-04-01 12:51:40.751583,Peabody,False
194,110,2020-06-06 01:53:01.733900,West Point,True
195,110,2020-06-20 01:53:01.733900,Lyncourt,False
195,112,2021-01-26 19:25:34.892561,Cairo,True
196,112,2021-02-09 19:25:34.892561,Buenaventura Lakes,False
196,73,2021-01-27 09:03:59.667523,Ukiah,False
197,10,2020-12-20 15:16:48.066374,Richwood,False
198,97,2020-10-07 15:17:40.377328,Socorro,False
199,27,2021-10-09 17:00:16.114489,Bluewater Village,False
200,51,2020-03-20 08:57:40.349182,White Hills,False
201,42,2021-04-06 06:42:17.559394,Oak City,False
202,13,2021-05-15 12:04:59.128175,Memphis,False
203,122,2021-11-14 12:18:28.935233,Hope,False
204,74,2021-06-09 17:07:54.179818,Columbus,False
205,4,2020-12-20 06:05:38.509908,Greenbriar,False
206,12,2021-09-17 21:38:27.382169,Big Sandy,False
207,82,2021-04-17 00:05:59.569345,Penn,False
208,80,2020-05-09 14:48:01.744491,Tescott,False
209,5,2021-02-15 00:50:35.072251,Wilsonville,False
210,68,2020-09-18 10:41:25.656504,Nesika Beach,False
211,53,2020-09-05 04:11:54.158763,Simpsonville,False
212,103,2020-07-31 13:37:04.327155,Eagle Grove,False
213,19,2021-01-31 08:48:37.695386,Hollister,True
214,19,2021-02-14 08:48:37.695386,North Kansas City,False
214,37,2020-05-10 20:09:35.035306,Colony Park,False
215,11,2021-07-24 14:47:54.846701,St. Anne,False
216,116,2020-07-17 09:40:55.714687,Hawthorne,True
217,116,2020-07-31 09:40:55.714687,Banning,False
217,53,2020-03-07 11:15:38.098257,Woodloch,True
218,53,2020-03-21 11:15:38.098257,Sterling,False
218,124,2021-02-03 23:21:03.921353,Batavia,False
219,70,2021-11-14 07:50:07.641727,Columbia,False
220,78,2021-10-13 10:18:43.385820,Valencia,True
221,78,2021-10-27 10:18:43.385820,Hauula,False
221,80,2021-11-10 16:08:53.874803,Sparland,False
222,97,2021-03-08 22:09:56.670942,Dickey,False
223,115,2021-08-07 20:05:28.284137,Sparks,False
224,95,2021-06-13 09:11:16.323856,Fordville,True
225,95,2021-06-27 09:11:16.323856,Hop Bottom,False
225,92,2021-10-19 03:40:59.947606,Connelly Springs,False
226,112,2020-03-04 07:29:06.141967,Damascus,False
227,101,2020-09-15 12:55:27.627859,Dutton,False
228,96,2021-04-19 00:16:30.352067,Belleair,False
229,42,2020-03-25 20:27:48.490431,Craigsville,False
230,28,2020-12-08 21:20:13.849716,Alford,False
231,14,2021-01-12 03:00:53.344747,Hartford City,True
232,14,2021-01-26 03:00:53.344747,Nikolski,False
232,100,2020-07-09 23:45:24.298528,Marysville,False
233,24,2021-11-16 23:59:44.200858,Juda,False
234,44,2021-05-30 20:00:47.549437,Trujillo Alto,False
235,28,2021-01-18 02:09:38.525316,Hidden Springs,False
236,2,2020-03-28 03:48:53.000884,Calvert,False
237,124,2021-01-02 00:22:45.177241,Browning,False
238,21,2021-08-09 02:59:24.139539,Apache,True
239,21,2021-08-23 02:59:24.139539,Norwalk,False
239,107,2021-06-26 04:04:44.561570,Bayview,False
240,117,2021-11-13 14:06:27.793417,Henrieville,True
241,117,2021-11-27 14:06:27.793417,Sallis,False
241,20,2020-08-09 09:29:45.105657,Glen Aubrey,False
242,1,2021-04-05 03:23:52.235969,Sweetwater,False
243,44,2021-05-16 12:19:28.684241,Union City,False
244,122,2021-05-18 02:56:44.452825,Paynesville,False
245,15,2021-08-16 09:23:02.637661,Elkhart,False
246,21,2021-03-15 05:03:19.866881,Edmundson,False
247,46,2021-08-22 20:31:30.382947,Midland,False
248,90,2020-05-31 06:45:03.977955,Lower Kalskag,False
249,45,2021-11-03 21:05:32.950387,Creston,True
250,45,2021-11-17 21:05:32.950387,Bellamy,False
250,103,2020-12-23 20:09:47.502350,Dennis Port,True
251,103,2021-01-06 20:09:47.502350,Fairview,False
251,29,2020-05-23 02:52:32.405401,Granite Quarry,False
252,7,2021-08-30 11:56:57.807153,Yeoman,False
253,18,2021-10-28 19:42:32.989931,San Castle,False
254,66,2020-12-31 01:43:31.972724,Orient,False
255,88,2020-04-17 08:10:22.415662,Hogansville,True
256,88,2020-05-01 08:10:22.415662,North City,False
256,109,2020-07-12 09:31:46.637489,Boulder,False
257,92,2020-04-15 22:27:01.268131,Riverview,False
258,106,2020-08-26 04:44:42.174216,Akron,True
259,106,2020-09-09 04:44:42.174216,Stewartville,False
259,88,2021-06-28 07:38:25.001262,Bison,False
260,26,2021-02-17 18:33:20.105387,Walkerville,True
261,26,2021-03-03 18:33:20.105387,Smithville-Sanders,False
261,77,2020-07-25 00:35:12.937065,Miller's Cove,False
262,54,2021-04-07 13:31:04.166388,Bishop Hills,True
263,54,2021-04-21 13:31:04.166388,San Fernando,False
263,84,2021-10-18 08:14:49.623764,Cimarron City,False
264,115,2021-02-22 19:38:56.650083,Colburn,False
265,82,2020-08-28 09:15:44.598735,Brewster,False
266,113,2021-05-11 05:20:18.507615,Belzoni,False
267,113,2021-05-17 07:18:47.712716,Eldorado at Santa Fe,False
268,103,2020-10-27 16:59:41.368356,Lawrenceville,False
269,59,2021-10-09 22:38:19.830215,Spirit Lake,False
270,29,2020-10-13 13:30:16.824591,Lakeside Park,False
271,7,2020-11-21 15:50:09.583957,Marshfield Hills,False
272,112,2021-03-06 19:45:26.614580,Hollyvilla,False
273,7,2020-07-04 14:51:54.720009,Gold Canyon,True
274,7,2020-07-18 14:51:54.720009,Bainville,False
274,84,2020-12-27 03:37:53.388044,Jamestown,False
275,35,2020-05-17 08:15:34.488615,Belfield,False
276,107,2021-06-17 09:12:18.684011,Willow Park,False
277,7,2021-09-21 18:04:13.911616,Portal,False
278,100,2021-09-21 06:53:27.806627,Hutchinson,False
279,119,2020-08-22 21:43:00.195648,Lake Dunlap,False
280,73,2021-06-24 00:39:17.544949,Cumberland,False
281,70,2021-02-24 19:19:30.374729,Pine River,False
282,21,2020-05-27 23:41:52.862789,Shannon,False
283,48,2020-04-07 20:45:50.189823,Louisburg,False
284,32,2020-03-05 02:26:30.569658,Folsom,True
285,32,2020-03-19 02:26:30.569658,La Plata,False
285,95,2020-04-19 10:52:08.515658,Boulder,False
286,98,2020-10-06 21:23:29.614472,Traverse City,False
287,91,2020-12-03 16:23:14.334184,Lynnville,False
288,45,2021-06-19 16:21:56.829244,Chula Vista,False
289,102,2020-05-18 04:08:24.012022,West Belmar,False
290,93,2021-08-03 14:24:38.207133,Table Rock,False
291,19,2020-05-27 15:44:20.505711,Reddick,False
292,1,2020-04-01 14:41:46.763622,Valdez,False
293,47,2020-04-19 05:25:12.257581,Cammack Village,True
294,47,2020-05-03 05:25:12.257581,Good Thunder,False
294,57,2021-08-02 06:51:54.717652,Benson,False
295,13,2021-03-23 11:11:15.352458,Iselin,False
296,60,2021-09-08 09:43:17.985026,Redland,False
297,76,2020-12-09 02:55:26.254062,Wild Peach Village,False
298,122,2020-10-14 07:35:19.705255,Ridgeville,False
299,23,2021-06-03 09:01:44.063222,McMurray,False
300,17,2021-10-21 10:32:49.176583,Valdez,True
301,17,2021-11-04 10:32:49.176583,Leitersburg,False
301,115,2020-04-20 13:37:17.951229,Old Forge,False
302,26,2020-10-30 06:05:21.341243,Lynbrook,False
303,92,2020-05-02 22:04:49.598795,Wilmington Manor,False
304,63,2020-12-23 10:46:39.869753,Watertown Town,False
305,118,2020-04-13 22:03:59.749314,Rich Hill,True
306,118,2020-04-27 22:03:59.749314,Georgetown,False
306,24,2020-03-25 23:26:50.276330,Mound Station,False
307,39,2020-04-27 02:56:07.611417,Nellie,False
308,19,2020-07-31 14:09:54.082992,Shenandoah Junction,False
309,119,2020-07-12 18:40:26.871298,Rowlesburg,False
310,69,2020-10-18 06:17:16.723335,Ste. Marie,False
311,42,2021-05-28 01:25:13.850223,Wahpeton,False
312,69,2020-05-13 10:40:26.064089,Follett,False
313,4,2021-05-18 05:47:23.641955,Mount Aetna,False
314,62,2020-09-17 02:07:41.288440,Curryville,False
315,88,2021-01-29 12:14:33.099362,Caneyville,False
316,26,2021-10-01 11:34:07.120563,Hoytsville,False
317,91,2020-12-13 07:55:07.909981,Calhoun,True
318,91,2020-12-27 07:55:07.909981,El Cerrito,False
318,121,2021-06-24 14:26:32.930076,Lake McMurray,False
319,76,2020-04-13 23:34:03.858827,Oroville,False
320,112,2020-10-16 10:29:41.937528,Midway,True
321,112,2020-10-30 10:29:41.937528,Vacaville,False
321,99,2021-03-10 22:08:20.502047,Greenville,True
322,99,2021-03-24 22:08:20.502047,Ammon,False
322,51,2021-01-10 06:13:36.691573,Comunas,False
323,51,2021-08-06 10:22:30.839572,St. David,False
324,53,2020-05-17 22:44:54.437391,Greensburg,False
325,5,2020-11-13 09:18:54.710170,Coalgate,True
326,5,2020-11-27 09:18:54.710170,Rossmoor,False
326,5,2021-03-14 05:39:36.273714,Sidney,False
327,123,2020-05-08 18:09:15.061601,Lancaster,True
328,123,2020-05-22 18:09:15.061601,Erie,False
328,47,2020-05-18 03:59:58.906218,Cherokee,False
329,90,2021-02-02 05:34:34.056791,Milan,False
330,80,2021-03-18 09:43:29.262408,Colony,False
331,74,2021-08-14 22:59:36.754724,Creekside,False
332,71,2020-06-16 15:48:25.463652,Val Verde,False
333,85,2021-05-07 19:59:46.901017,Warm Springs,False
334,43,2020-08-04 00:24:51.910818,Lashmeet,False
335,29,2021-01-09 08:56:07.699675,Dames Quarter,False
336,102,2020-06-29 12:33:00.464594,Kaneohe,False
337,36,2021-10-16 10:34:57.512883,Huetter,True
338,36,2021-10-30 10:34:57.512883,Hood River,False
338,40,2020-06-29 10:41:20.288805,Diamond Bluff,False
339,93,2021-09-22 05:42:51.500648,Accomac,False
340,86,2020-11-14 20:29:51.100109,Pine Lakes,False
341,95,2021-07-13 10:38:28.441818,Forest River,False
342,118,2021-01-30 14:18:49.265552,Dunlap,True
343,118,2021-02-13 14:18:49.265552,Carrier Mills,False
343,65,2021-04-03 19:59:40.351094,Potter Lake,False
344,85,2021-08-04 20:47:32.916719,Allerton,False
345,14,2021-07-11 16:36:14.151645,South Beach,False
346,58,2021-05-22 06:05:01.377283,Pueblo Nuevo,False
347,10,2020-04-11 23:07:52.146731,Waldo,False
348,6,2020-03-31 17:36:57.809093,Glasgow Village,False
349,74,2021-08-21 04:21:54.954506,Xenia,False
350,74,2021-07-17 16:02:17.466689,Green Ridge,False
351,122,2020-06-04 14:25:33.574170,Deer Creek,False
352,39,2020-10-30 09:30:23.704818,Malcolm,False
353,123,2020-09-12 16:32:46.004626,Rehoboth Beach,False
354,90,2021-07-04 09:58:18.438763,Wallsburg,False
355,21,2021-08-19 16:36:09.890369,Medford,False
356,3,2020-06-13 22:30:14.136099,Wanship,False
357,112,2020-10-13 03:07:31.262140,Henderson,False
358,40,2021-09-08 10:39:20.119654,Livingston,False
359,58,2020-10-05 00:34:52.532687,Ivyland,False
360,125,2020-10-09 22:45:50.696602,St. John,False
361,82,2020-12-11 19:36:34.552874,Newport,True
362,82,2020-12-25 19:36:34.552874,Carter,False
362,56,2021-08-27 13:14:01.844961,Dunmore,False
363,26,2021-11-14 16:35:26.712828,Mason,False
364,31,2021-09-07 03:14:07.792791,Centennial,False
365,6,2021-07-08 22:09:40.938613,Milan,True
366,6,2021-07-22 22:09:40.938613,Maiden,False
366,61,2020-04-21 10:42:08.421364,Dixon,False
367,103,2021-06-17 11:42:28.379151,Townsend,False
368,121,2021-02-24 02:00:08.001239,Blue Clay Farms,False
369,35,2021-08-01 08:03:06.917863,Independence,False
370,12,2020-07-31 18:00:15.477279,Centralia,True
371,12,2020-08-14 18:00:15.477279,Albany,False
371,85,2021-03-17 04:33:48.204320,Sandy Ridge,False
372,88,2021-05-17 14:25:03.101551,Center Ossipee,False
373,18,2020-04-25 13:24:10.687543,Nilwood,False
374,68,2021-09-26 22:33:36.828148,Langley,False
375,78,2020-04-18 01:35:06.759345,Louisville,True
376,78,2020-05-02 01:35:06.759345,Woodland,False
376,38,2021-09-18 19:13:03.902247,Lake of the Woods,True
377,38,2021-10-02 19:13:03.902247,Esparto,False
377,42,2021-01-26 01:40:53.699365,Porter,False
378,33,2020-03-31 08:14:07.013561,Clarkrange,False
379,108,2020-07-12 15:23:47.618829,Germantown,False
380,41,2020-04-19 09:36:49.486739,Parkwood,False
381,122,2021-11-09 13:10:54.726273,Midway,False
382,11,2021-01-31 08:13:51.168850,Versailles,False
383,60,2021-02-08 13:40:01.590641,Lake Fenton,False
384,12,2020-10-09 00:59:00.683329,Fayette,False
385,84,2020-12-26 14:10:09.300505,Bay Lake,False
386,28,2020-03-28 22:04:09.757335,Palmer,False
387,92,2021-09-18 17:54:39.038425,Morley,False
388,94,2020-07-30 12:11:08.723643,Monte Rio,False
389,88,2021-04-16 05:20:01.224139,Port Lions,True
390,88,2021-04-30 05:20:01.224139,Aurora,False
390,45,2020-04-06 08:43:06.298147,Prairie Heights,False
391,116,2020-06-20 00:53:22.741184,Letona,False
392,123,2020-06-25 08:27:52.097777,Culebra,False
393,16,2021-01-15 17:36:00.408046,Terre Haute,True
394,16,2021-01-29 17:36:00.408046,Camino,False
394,45,2021-03-14 13:16:11.353423,South Carrollton,False
395,57,2021-05-20 05:45:30.813741,The Acreage,False
396,75,2021-07-24 13:19:39.679337,Smyrna,False
397,1,2021-07-16 05:36:49.455781,McNary,True
398,1,2021-07-30 05:36:49.455781,Swainsboro,False
398,15,2020-10-30 19:52:16.546166,Perry,False
399,10,2021-09-08 14:16:45.557761,Oscarville,False
400,119,2020-07-02 22:46:40.675599,Charlton Heights,False
401,50,2020-08-17 19:01:25.643754,Oviedo,False
402,48,2021-01-12 03:22:17.742146,Middlesex,False
403,7,2020-03-05 03:25:30.552846,Chinle,False
404,119,2020-10-14 16:55:03.961501,Woodlynne,False
405,101,2020-11-26 15:32:52.244324,Sioux Center,False
406,3,2020-12-23 05:13:45.708239,Lupton,True
407,3,2021-01-06 05:13:45.708239,Oakdale,False
407,55,2020-12-29 19:59:16.093251,Plymouth,False
408,110,2020-12-14 14:28:23.956074,Lawrenceville,False
409,65,2021-08-17 19:27:43.182233,East Nassau,False
410,105,2021-08-23 22:04:19.598206,Brookings,False
411,87,2020-04-22 15:21:13.724211,Taylor Creek,False
412,38,2021-05-04 00:28:00.829495,Decatur,True
413,38,2021-05-18 00:28:00.829495,Richardson,False
413,55,2021-10-18 02:16:40.938842,Bolindale,False
414,70,2021-05-30 14:23:24.325376,Oak Park,False
415,112,2020-09-09 05:40:28.063374,Greenwood,False
416,112,2020-08-12 14:18:07.896139,Gilbertsville,False
417,103,2021-10-11 07:45:14.960394,Payson,False
418,86,2020-05-01 18:49:46.332810,Penermon,False
419,21,2020-11-18 08:26:29.738683,Crane,False
420,69,2021-01-06 07:01:23.644013,Dover,False
421,67,2021-06-20 19:19:03.741262,Luverne,False
422,77,2020-04-19 20:37:13.414897,Fairhaven,False
423,54,2021-07-05 11:25:49.157898,England,False
424,87,2020-07-16 17:35:47.010621,Garden Ridge,False
425,40,2021-02-01 09:10:54.907937,Manzanita,False
426,74,2021-09-27 16:34:22.869773,Pocatello,True
427,74,2021-10-11 16:34:22.869773,Eldorado,False
427,51,2020-12-24 08:54:56.829081,South Gull Lake,False
428,72,2021-01-20 09:33:36.319447,Town and Country,False
429,98,2021-09-16 20:32:08.541136,Manitou,False
430,125,2021-01-27 08:18:37.101997,Sergeant Bluff,False
431,52,2021-08-13 19:18:17.792776,Gardena,False
432,70,2020-10-10 21:27:32.823103,Thomas,False
433,31,2020-03-06 14:52:09.451179,Mount Clare,True
434,31,2020-03-20 14:52:09.451179,Moscow,False
434,46,2021-06-22 23:43:15.514112,Ashley Heights,False
435,92,2020-07-24 18:52:33.693815,Washington,False
436,88,2021-08-17 17:58:24.750949,Hinckley,False
437,88,2021-09-02 01:55:42.493264,Lima,True
438,88,2021-09-16 01:55:42.493264,Willards,False
438,79,2020-09-21 17:38:55.681556,Imlay City,False
439,4,2020-04-20 14:19:13.524011,East Conemaugh,False
440,99,2021-07-28 23:17:23.235030,Kinde,False
441,12,2020-07-31 08:56:05.516535,Summerlin South,False
442,77,2020-11-11 13:55:34.444651,Mount Zion,False
443,100,2021-11-24 06:48:41.247397,Paloma Creek,False
444,109,2020-11-24 04:20:08.234633,Fort Wayne,True
445,109,2020-12-08 04:20:08.234633,Lackawanna,False
445,27,2021-03-07 22:49:44.060390,Mineral Springs,False
446,5,2020-04-22 18:39:53.866710,Challenge-Brownsville,False
447,2,2021-10-30 13:14:09.736669,Crystal Beach,True
448,2,2021-11-13 13:14:09.736669,Williamson,False
448,95,2021-02-18 15:46:02.593239,Webster,False
449,3,2020-11-17 11:42:56.772639,West Line,False
450,48,2020-08-04 21:14:15.584801,Independence,True
451,48,2020-08-18 21:14:15.584801,La Vista,False
451,28,2020-05-06 10:48:53.632641,Johnstown,False
452,115,2020-11-24 01:57:28.086449,Rosalie,False
453,40,2020-09-07 12:50:37.548059,Rosebud,True
454,40,2020-09-21 12:50:37.548059,Avant,False
454,112,2020-12-26 06:23:44.968144,Westchester,False
455,66,2021-09-08 11:30:56.410899,San Carlos,False
456,51,2020-08-17 09:05:20.794461,McMechen,False
457,27,2021-10-27 14:40:30.843472,Elkland,False
458,26,2020-07-08 08:27:08.549236,Smelterville,True
459,26,2020-07-22 08:27:08.549236,Carlisle-Rockledge,False
459,119,2020-12-29 04:56:34.732529,Avon,False
460,11,2021-05-15 21:59:44.445956,Plum Springs,False
461,108,2020-06-12 09:31:58.307738,Lake Aluma,False
462,3,2021-04-10 08:13:06.249396,Idledale,True
463,3,2021-04-24 08:13:06.249396,Kalaeloa,False
463,79,2021-09-06 19:40:54.354717,Oatfield,False
464,93,2021-10-04 22:14:35.749985,Marueño,False
465,80,2021-09-11 19:21:58.420357,East Middlebury,False
466,47,2021-10-04 01:37:43.535469,Tennant,False
467,51,2021-05-06 07:00:00.198718,El Sobrante,False
468,110,2021-05-12 16:27:11.511540,Safford,False
469,96,2021-11-17 08:54:41.568041,David City,False
470,92,2020-06-13 09:12:27.855323,Seabrook,False
471,17,2020-11-30 17:18:47.094707,Meadow Glade,True
472,17,2020-12-14 17:18:47.094707,St. Bonifacius,False
472,101,2021-04-30 23:29:53.182918,Oak Valley,False
473,117,2021-02-12 06:51:35.479111,Mattituck,False
474,2,2020-03-28 06:34:20.557162,South Highpoint,False
475,65,2021-09-04 16:53:01.873744,Blooming Prairie,False
476,105,2020-10-21 05:22:54.198160,Bel Air South,False
477,81,2020-09-10 00:16:16.661751,Glenwood City,False
478,94,2021-01-12 04:50:24.568051,Elkview,False
479,50,2021-03-22 17:55:20.109766,Blue Jay,True
480,50,2021-04-05 17:55:20.109766,Assumption,False
480,18,2021-03-17 08:54:05.337763,Stacey Street,False
481,12,2021-07-04 13:16:16.303023,Torrington,False
482,3,2020-10-25 16:21:02.396603,Niotaze,False
483,51,2021-05-13 01:20:19.489964,Heckscherville,False
484,93,2021-09-11 08:56:09.221862,Lady Lake,False
485,37,2020-03-15 20:46:24.359139,Neosho Falls,False
486,106,2020-04-21 17:41:13.874453,Afton,True
487,106,2020-05-05 17:41:13.874453,Seminole,False
487,95,2020-04-09 02:58:43.882908,Cathay,True
488,95,2020-04-23 02:58:43.882908,King of Prussia,False
488,3,2021-05-26 22:35:34.312807,Dale,False
489,125,2021-05-30 10:15:33.161474,Sterling,False
490,73,2020-09-27 15:34:14.023719,Togiak,False
491,71,2020-09-29 20:33:12.182098,Pine Beach,False
492,20,2020-05-19 00:12:38.223285,Gagetown,False
493,43,2021-09-11 04:23:08.418462,Knightdale,True
494,43,2021-09-25 04:23:08.418462,Sarasota Springs,False
494,9,2020-12-11 19:08:29.533945,Claude,False
495,37,2020-11-07 09:52:46.519743,Universal,False
496,30,2021-11-04 05:50:12.770330,Taneyville,False
497,109,2021-09-16 00:21:09.680174,Middletown,False
498,21,2020-10-02 12:16:30.036280,Redmond,False
499,94,2020-08-23 16:43:20.981510,Nanawale Estates,False
